time,USD,GBP,EUR,CNY
2021-07-04T19:05:00+00:00,35533.695,25707.1359,29948.3312,40202.5
2021-07-04T19:07:00+00:00,35499.8538,25682.6532,29919.8093,40202.5
2021-07-04T19:13:00+00:00,35527.8296,25702.8925,29943.3877,40202.5
2021-07-04T19:14:00+00:00,35527.2157,25702.4484,29942.8703,40202.5
2021-07-04T19:22:00+00:00,35514.7367,25693.4204,29932.3528,40202.5
2021-07-04T19:29:00+00:00,35521.5667,25698.3616,29938.1092,40202.5
2021-07-04T19:37:00+00:00,35540.765,25712.2508,29954.2899,40202.5
2021-07-04T19:44:00+00:00,35531.2508,25705.3676,29946.2711,40202.5
2021-07-04T19:52:00+00:00,35531.6517,25705.6577,29946.609,40202.5
2021-07-04T20:00:00+00:00,35579.0333,25739.9363,29986.543,40202.5
2021-07-04T20:18:00+00:00,35451.3273,25632.7631,29878.9104,40202.5
2021-07-04T20:30:00+00:00,35515.855,25679.4193,29933.2953,40202.5
2021-07-04T20:38:00+00:00,35531.1937,25690.5098,29946.223,40202.5
2021-07-04T20:46:00+00:00,35547.8517,25702.5542,29960.2626,40202.5
2021-07-04T20:53:00+00:00,35541.07,25697.6508,29954.5469,40202.5
2021-07-04T21:01:00+00:00,35551.58,25705.25,29963.4049,40202.5
2021-07-04T21:19:00+00:00,35570.5219,25714.9974,29976.666,40202.5
2021-07-04T21:32:00+00:00,35647.135,25770.3833,30041.2309,40202.5
2021-07-04T21:42:00+00:00,35793.5937,25876.2627,30164.6574,40202.5
2021-07-04T21:50:00+00:00,35894.6983,25949.3543,30249.8622,40202.5
2021-07-04T21:57:00+00:00,35944.8667,25985.6225,30292.141,40202.5
2021-07-04T22:12:00+00:00,35791.1233,25871.3988,30157.0637,40202.5
2021-07-04T22:28:00+00:00,35678.015,25789.6391,30061.7603,40202.5
2021-07-04T22:38:00+00:00,35596.5884,25730.7803,29993.1514,40202.5
2021-07-04T22:46:00+00:00,35550.0167,25697.1162,29953.9108,40202.5
2021-07-04T22:53:00+00:00,35436.7783,25615.2626,29858.4978,40202.5
2021-07-04T23:02:00+00:00,35293.7081,25511.8451,29737.949,40202.5
2021-07-04T23:21:00+00:00,35448.355,25628.8416,29891.9671,40202.5
2021-07-04T23:31:00+00:00,35422.59,25610.2138,29870.2407,40202.5
2021-07-04T23:40:00+00:00,35377.025,25577.2707,29831.8178,40202.5
2021-07-04T23:47:00+00:00,35446.685,25627.6342,29890.5589,40202.5
2021-07-04T23:54:00+00:00,35292.3205,25516.0301,29760.3905,40202.5
2021-07-05T00:20:00+00:00,34914.6383,25243.7723,29449.3453,40202.5
2021-07-05T01:30:00+00:00,34644.0965,25063.1331,29217.4106,40202.5
2021-07-05T02:09:00+00:00,34603.8567,25023.5021,29176.0687,40202.5
2021-07-05T02:34:00+00:00,34486.035,24938.3003,29076.728,40202.5
2021-07-05T02:47:00+00:00,34449.565,24911.9273,29045.9785,40202.5
2021-07-05T02:54:00+00:00,34378.4903,24860.5302,28986.0522,40202.5
2021-07-05T03:07:00+00:00,34483.3333,24944.9675,29091.209,40202.5
2021-07-05T03:28:00+00:00,34429.34,24905.9091,29045.6585,40202.5
2021-07-05T03:43:00+00:00,34348.925,24847.7376,28977.8179,40202.5
2021-07-05T03:50:00+00:00,34325.2367,24830.6016,28957.8337,40202.5
2021-07-05T03:58:00+00:00,34375.715,24867.1172,29000.4188,40202.5
2021-07-05T04:18:00+00:00,34156.8167,24712.6276,28816.9107,40202.5
2021-07-05T04:42:00+00:00,34348.9604,24851.6446,28979.0157,40202.5
2021-07-05T04:55:00+00:00,34273.7937,24797.2611,28915.6002,40202.5
2021-07-05T05:08:00+00:00,34271.7483,24791.326,28904.7583,40202.5
2021-07-05T05:22:00+00:00,34154.625,24706.6019,28805.9766,40202.5
2021-07-05T05:29:00+00:00,34126.6147,24686.3399,28782.3527,40202.5
2021-07-05T05:37:00+00:00,34193.0583,24734.4036,28838.3912,40202.5
2021-07-05T05:44:00+00:00,34202.52,24741.2479,28846.3712,40202.5
2021-07-05T05:52:00+00:00,34339.57,24840.3864,28961.959,40202.5
2021-07-05T05:59:00+00:00,34344.2617,24843.7803,28965.9159,40202.5
2021-07-05T06:23:00+00:00,34321.0017,24833.304,28955.2906,40202.5
2021-07-05T06:44:00+00:00,34342.9253,24849.167,28973.7867,40202.5
2021-07-05T06:57:00+00:00,34296.935,24815.8903,28934.9865,40202.5
2021-07-05T07:12:00+00:00,34193.4383,24697.9889,28822.9485,40202.5
2021-07-05T07:26:00+00:00,34113.3917,24640.171,28755.4741,40202.5
2021-07-05T07:33:00+00:00,34217.1396,24715.1083,28842.9272,40202.5
2021-07-05T07:41:00+00:00,34214.8767,24713.4738,28841.0197,40202.5
2021-07-05T07:48:00+00:00,34201.0058,24703.4549,28829.3274,40202.5
2021-07-05T07:56:00+00:00,34239.5383,24731.287,28861.808,40202.5
2021-07-05T08:11:00+00:00,34234.4441,24723.3281,28836.7678,40202.5
2021-07-05T08:32:00+00:00,34141.7533,24656.389,28758.6914,40202.5
2021-07-05T08:43:00+00:00,34222.1393,24714.4419,28826.403,40202.5
2021-07-05T08:51:00+00:00,34194.21,24694.272,28802.8773,40202.5
2021-07-05T08:58:00+00:00,34245.425,24731.2583,28846.0173,40202.5
2021-07-05T09:17:00+00:00,34351.0815,24801.3778,28939.1717,40202.5
2021-07-05T09:35:00+00:00,34331.6933,24787.3796,28922.838,40202.5
2021-07-05T09:46:00+00:00,34280.3851,24750.3352,28879.6133,40202.5
2021-07-05T09:54:00+00:00,34316.595,24776.4786,28910.1184,40202.5
2021-07-05T10:05:00+00:00,34350.3633,24793.6113,28923.4868,40202.5
2021-07-05T10:26:00+00:00,34424.9944,24847.479,28986.3273,40202.5
2021-07-05T10:40:00+00:00,34417.0483,24841.7436,28979.6365,40202.5
2021-07-05T10:47:00+00:00,34509.7233,24908.6352,29057.6702,40202.5
2021-07-05T10:54:00+00:00,34521.115,24916.8575,29067.2621,40202.5
2021-07-05T11:04:00+00:00,34460.6223,24873.1947,29016.3264,40202.5
2021-07-05T11:19:00+00:00,34224.15,24692.5531,28815.5365,40202.5
2021-07-05T11:27:00+00:00,33734.585,24339.3344,28403.3399,40202.5
2021-07-05T11:34:00+00:00,33572.2779,24222.2306,28266.683,40202.5
2021-07-05T11:42:00+00:00,33614.46,24252.6648,28302.1988,40202.5
2021-07-05T11:49:00+00:00,33619.615,24256.3841,28306.5391,40202.5
2021-07-05T11:57:00+00:00,33334.29,24050.5236,28066.3055,40202.5
2021-07-05T12:20:00+00:00,33524.05,24195.3797,28236.7374,40202.5
2021-07-05T12:51:00+00:00,33519.2567,24191.9202,28232.7001,40202.5
2021-07-05T13:08:00+00:00,33612.6623,24276.51,28333.0878,40202.5
2021-07-05T13:28:00+00:00,33604.8617,24270.8761,28326.5124,40202.5
2021-07-05T13:38:00+00:00,33630.8167,24289.6219,28348.3907,40202.5
2021-07-05T13:45:00+00:00,33731.8999,24362.6285,28433.5966,40202.5
2021-07-05T13:54:00+00:00,33706.62,24344.3703,28412.2875,40202.5
2021-07-05T14:01:00+00:00,33590.8633,24260.7659,28314.7128,40202.5
2021-07-05T14:19:00+00:00,33701.72,24340.764,28403.54,40202.5
2021-07-05T14:28:00+00:00,33675.9908,24322.1812,28381.8556,40202.5
2021-07-05T14:36:00+00:00,33679.425,24324.6616,28384.75,40202.5
2021-07-05T14:43:00+00:00,33696.2512,24336.8142,28398.931,40202.5
2021-07-05T14:51:00+00:00,33650.8883,24304.0512,28360.6995,40202.5
2021-07-05T14:58:00+00:00,33721.0433,24354.7201,28419.8256,40202.5
2021-07-05T15:17:00+00:00,33705.3718,24352.8726,28415.2125,40202.5
2021-07-05T15:38:00+00:00,33579.9153,24262.2276,28309.4469,40202.5
2021-07-05T15:52:00+00:00,33674.715,24330.7224,28389.3675,40202.5
2021-07-05T15:59:00+00:00,33620.1167,24291.2739,28343.3385,40202.5
2021-07-05T16:28:00+00:00,33669.0467,24305.0114,28374.0167,40202.5
2021-07-05T17:01:00+00:00,33629.555,24276.5032,28340.7358,40202.5
2021-07-05T17:25:00+00:00,33620.12,24262.5648,28329.0864,40202.5
2021-07-05T17:40:00+00:00,33387.4067,24094.623,28132.9968,40202.5
2021-07-05T17:47:00+00:00,33260.1983,24002.8208,28025.8081,40202.5
2021-07-05T17:54:00+00:00,33508.5992,24182.0837,28235.1163,40202.5
2021-07-05T18:07:00+00:00,33836.87,24429.205,28512.1986,40202.5
2021-07-05T18:32:00+00:00,34039.83,24575.7361,28683.2202,40202.5
2021-07-05T18:50:00+00:00,33980.145,24532.6453,28632.9274,40202.5
2021-07-05T18:57:00+00:00,33997.125,24544.9043,28647.2354,40202.5
2021-07-05T19:10:00+00:00,34093.6233,24612.4594,28725.105,40202.5
2021-07-05T19:19:00+00:00,34140.4,24646.2279,28764.516,40202.5
2021-07-05T19:27:00+00:00,34215.1817,24700.2134,28827.5223,40202.5
2021-07-05T19:34:00+00:00,34156.5962,24657.92,28778.1619,40202.5
2021-07-05T19:42:00+00:00,34190.575,24682.4496,28806.7903,40202.5
2021-07-05T19:49:00+00:00,34128.2319,24637.4436,28754.264,40202.5
2021-07-05T19:57:00+00:00,34098.925,24616.2867,28729.5719,40202.5
2021-07-05T20:12:00+00:00,34153.9013,24659.2875,28784.9422,40202.5
2021-07-05T20:28:00+00:00,33949.135,24511.4452,28612.3649,40202.5
2021-07-05T20:36:00+00:00,33862.395,24448.8185,28539.2604,40202.5
2021-07-05T20:43:00+00:00,33845.3524,24436.5136,28524.8968,40202.5
2021-07-05T20:51:00+00:00,33825.9683,24422.5183,28508.5599,40202.5
2021-07-05T20:58:00+00:00,33847.5718,24438.1161,28526.7673,40202.5
2021-07-05T21:15:00+00:00,34112.5,24637.719,28753.8356,40202.5
2021-07-05T21:30:00+00:00,34059.2891,24599.2875,28708.9835,40202.5
2021-07-05T21:42:00+00:00,34104.8067,24632.1625,28747.3508,40202.5
2021-07-05T21:49:00+00:00,34173.5539,24681.8152,28805.2987,40202.5
2021-07-05T21:57:00+00:00,34144.9517,24661.1572,28781.1895,40202.5
2021-07-05T22:11:00+00:00,34118.8545,24640.3637,28759.9766,40202.5
2021-07-05T22:28:00+00:00,34113.1317,24636.2308,28755.1526,40202.5
2021-07-05T22:38:00+00:00,34042.2545,24585.0438,28695.4078,40202.5
2021-07-05T22:46:00+00:00,34092.9483,24621.6545,28738.1394,40202.5
2021-07-05T22:53:00+00:00,33999.2283,24553.9707,28659.1395,40202.5
2021-07-05T23:02:00+00:00,34023.6383,24571.5994,28679.7156,40202.5
2021-07-05T23:21:00+00:00,34043.17,24568.7515,28693.9327,40202.5
2021-07-05T23:31:00+00:00,34013.5837,24547.3993,28668.9953,40202.5
2021-07-05T23:40:00+00:00,33985.1717,24526.8945,28645.0477,40202.5
2021-07-05T23:48:00+00:00,33926.5767,24484.6068,28595.6597,40202.5
2021-07-05T23:55:00+00:00,33772.8083,24373.6331,28466.0532,40202.5
2021-07-06T00:29:00+00:00,34038.5317,24571.1225,28694.1078,40202.5
2021-07-06T01:41:00+00:00,33910.3083,24469.882,28590.6626,40202.5
2021-07-06T02:14:00+00:00,33739.5483,24320.9847,28434.6454,40202.5
2021-07-06T02:38:00+00:00,33862.15,24409.3615,28537.9703,40202.5
2021-07-06T02:49:00+00:00,33824.5383,24382.2493,28506.2723,40202.5
2021-07-06T02:56:00+00:00,33884.1883,24425.2477,28556.5435,40202.5
2021-07-06T03:12:00+00:00,33867.5733,24399.9948,28527.8763,40202.5
2021-07-06T03:32:00+00:00,33940.8133,24452.7608,28589.5689,40202.5
2021-07-06T03:46:00+00:00,33901.4683,24424.4146,28556.4272,40202.5
2021-07-06T03:53:00+00:00,33876.4183,24406.3672,28535.3267,40202.5
2021-07-06T04:04:00+00:00,34094.1083,24563.2026,28718.6948,40202.5
2021-07-06T04:30:00+00:00,34642.3267,24951.6554,29175.9407,40202.5
2021-07-06T04:50:00+00:00,34675.6943,24975.689,29204.0431,40202.5
2021-07-06T04:58:00+00:00,34629.9783,24942.7613,29165.5409,40202.5
2021-07-06T05:13:00+00:00,34663.44,24972.0621,29192.1626,40202.5
2021-07-06T05:25:00+00:00,34743.45,25029.7025,29259.5439,40202.5
2021-07-06T05:32:00+00:00,34747.3488,25032.5113,29262.8273,40202.5
2021-07-06T05:39:00+00:00,34821.2908,25085.7802,29325.0983,40202.5
2021-07-06T05:47:00+00:00,34773.93,25051.6608,29285.2129,40202.5
2021-07-06T05:55:00+00:00,34799.96,25070.4132,29307.1343,40202.5
2021-07-06T06:08:00+00:00,34741.5266,25011.4672,29236.8707,40202.5
2021-07-06T06:35:00+00:00,34782.6133,25041.0468,29271.4474,40202.5
2021-07-06T06:54:00+00:00,34711.46,24989.8214,29211.568,40202.5
2021-07-06T07:04:00+00:00,34727.5937,25001.4365,29225.1454,40202.5
2021-07-06T07:20:00+00:00,34780.8426,25027.877,29249.7148,40202.5
2021-07-06T07:29:00+00:00,34748.7167,25004.7595,29222.6978,40202.5
2021-07-06T07:37:00+00:00,34778.21,25025.9826,29247.5008,40202.5
2021-07-06T07:44:00+00:00,34792.6367,25036.3638,29259.6332,40202.5
2021-07-06T07:51:00+00:00,34787.3606,25032.5673,29255.1963,40202.5
2021-07-06T07:59:00+00:00,34886.98,25104.2522,29338.9733,40202.5
2021-07-06T08:20:00+00:00,34779.0017,25073.7821,29294.527,40202.5
2021-07-06T08:35:00+00:00,34854.8917,25128.4947,29358.4495,40202.5
2021-07-06T08:44:00+00:00,34843.8133,25120.5078,29349.1182,40202.5
2021-07-06T08:52:00+00:00,34870.3583,25139.6454,29371.4772,40202.5
2021-07-06T08:59:00+00:00,35058.4983,25275.2841,29529.9484,40202.5
2021-07-06T09:19:00+00:00,34235.3383,24707.8491,28901.6096,40202.5
2021-07-06T09:34:00+00:00,34192.1075,24676.6491,28865.1139,40202.5
2021-07-06T09:45:00+00:00,34160.615,24653.9208,28838.5278,40202.5
2021-07-06T09:52:00+00:00,34253.7135,24721.1106,28917.122,40202.5
2021-07-06T10:00:00+00:00,34209.78,24689.4035,28880.0331,40202.5
2021-07-06T10:22:00+00:00,33991.5267,24550.958,28708.5636,40202.5
2021-07-06T10:36:00+00:00,33952.7217,24522.9304,28675.7897,40202.5
2021-07-06T10:45:00+00:00,33872.1667,24464.7482,28607.7545,40202.5
2021-07-06T10:52:00+00:00,33855.1083,24452.4275,28593.3474,40202.5
2021-07-06T10:59:00+00:00,33928.8918,24505.7189,28655.6635,40202.5
2021-07-06T11:14:00+00:00,33915.9678,24492.5518,28645.4264,40202.5
2021-07-06T11:25:00+00:00,33841.4715,24438.754,28582.5069,40202.5
2021-07-06T11:33:00+00:00,33899.1567,24480.4116,28631.2277,40202.5
2021-07-06T11:40:00+00:00,33902.76,24483.0137,28634.2711,40202.5
2021-07-06T11:48:00+00:00,34264.335,24744.1266,28939.6573,40202.5
2021-07-06T11:55:00+00:00,34184.2433,24686.2881,28872.0119,40202.5
2021-07-06T12:12:00+00:00,34195.4983,24680.3957,28880.834,40202.5
2021-07-06T12:46:00+00:00,34237.2233,24710.5105,28916.0741,40202.5
2021-07-06T13:06:00+00:00,34424.4491,24835.1401,29083.5991,40202.5
2021-07-06T13:27:00+00:00,34323.6182,24762.3968,28998.4118,40202.5
2021-07-06T13:37:00+00:00,34168.3732,24650.397,28867.2526,40202.5
2021-07-06T13:45:00+00:00,34105.075,24604.7312,28813.7749,40202.5
2021-07-06T13:52:00+00:00,34035.4824,24554.5244,28754.9794,40202.5
2021-07-06T14:00:00+00:00,34147.8167,24635.5667,28849.8854,40202.5
2021-07-06T14:17:00+00:00,34081.5496,24628.3161,28799.8296,40202.5
2021-07-06T14:28:00+00:00,34063.445,24615.2332,28784.5307,40202.5
2021-07-06T14:35:00+00:00,34099.23,24641.0925,28814.77,40202.5
2021-07-06T14:42:00+00:00,34111.5585,24650.0014,28825.1879,40202.5
2021-07-06T14:50:00+00:00,34175.5417,24696.2375,28879.2554,40202.5
2021-07-06T14:57:00+00:00,34156.6959,24682.619,28863.3303,40202.5
2021-07-06T15:15:00+00:00,33993.2658,24616.2234,28736.1392,40202.5
2021-07-06T15:37:00+00:00,34089.245,24685.7268,28817.2751,40202.5
2021-07-06T15:51:00+00:00,34044.105,24653.0386,28779.1161,40202.5
2021-07-06T15:58:00+00:00,34064.0656,24667.4931,28795.9897,40202.5
2021-07-06T16:25:00+00:00,33915.3917,24588.2859,28700.6289,40202.5
2021-07-06T16:58:00+00:00,33897.0845,24575.0134,28685.1366,40202.5
2021-07-06T17:21:00+00:00,33879.74,24587.3743,28675.9136,40202.5
2021-07-06T17:38:00+00:00,33794.7917,24525.7252,28604.0131,40202.5
2021-07-06T17:46:00+00:00,33849.035,24565.0909,28649.9248,40202.5
2021-07-06T17:53:00+00:00,33989.448,24666.9921,28768.7707,40202.5
2021-07-06T18:03:00+00:00,33948.0583,24636.9546,28733.7384,40202.5
2021-07-06T18:28:00+00:00,34015.2478,24654.0815,28769.1781,40202.5
2021-07-06T18:47:00+00:00,33931.755,24593.5664,28698.5622,40202.5
2021-07-06T18:55:00+00:00,33872.165,24550.3758,28648.1626,40202.5
2021-07-06T19:06:00+00:00,33860.4183,24536.2072,28637.5165,40202.5
2021-07-06T19:17:00+00:00,33891.7243,24558.8924,28663.9936,40202.5
2021-07-06T19:25:00+00:00,33928.4917,24585.5351,28695.0897,40202.5
2021-07-06T19:32:00+00:00,33929.9367,24586.5821,28696.3118,40202.5
2021-07-06T19:39:00+00:00,33933.8726,24589.4342,28699.6406,40202.5
2021-07-06T19:47:00+00:00,34072.939,24690.2056,28817.2563,40202.5
2021-07-06T19:55:00+00:00,34052.5317,24675.4179,28799.9968,40202.5
2021-07-06T20:07:00+00:00,34002.8631,24640.3788,28761.1518,40202.5
2021-07-06T20:24:00+00:00,33958.9537,24608.5595,28724.0112,40202.5
2021-07-06T20:34:00+00:00,33928.2533,24586.3123,28698.0434,40202.5
2021-07-06T20:41:00+00:00,33908.425,24571.9436,28681.2717,40202.5
2021-07-06T20:48:00+00:00,33926.6556,24585.1545,28696.692,40202.5
2021-07-06T20:56:00+00:00,33936.9167,24592.5903,28705.3713,40202.5
2021-07-06T21:09:00+00:00,33914.0817,24575.5001,28684.3946,40202.5
2021-07-06T21:26:00+00:00,33928.5007,24585.9487,28696.5901,40202.5
2021-07-06T21:38:00+00:00,33894.8217,24561.5436,28668.1046,40202.5
2021-07-06T21:45:00+00:00,33857.8967,24534.7862,28636.8736,40202.5
2021-07-06T21:52:00+00:00,33803.1867,24495.1412,28590.6001,40202.5
2021-07-06T22:00:00+00:00,33770.8567,24471.7136,28563.2555,40202.5
2021-07-06T22:18:00+00:00,33959.4468,24609.7998,28726.2281,40202.5
2021-07-06T22:32:00+00:00,33998.8082,24638.3243,28759.5239,40202.5
2021-07-06T22:41:00+00:00,34048.0075,24673.9781,28801.1414,40202.5
2021-07-06T22:49:00+00:00,34090.065,24704.4565,28836.7178,40202.5
2021-07-06T22:56:00+00:00,34057.345,24680.7449,28809.04,40202.5
2021-07-06T23:10:00+00:00,34112.3217,24718.5046,28858.8536,40202.5
2021-07-06T23:26:00+00:00,34121.73,24725.3221,28866.813,40202.5
2021-07-06T23:36:00+00:00,34091.025,24703.0726,28840.8367,40202.5
2021-07-06T23:43:00+00:00,34075.745,24692.0004,28827.9099,40202.5
2021-07-06T23:51:00+00:00,34094.42,24705.5327,28843.7088,40202.5
2021-07-06T23:58:00+00:00,34235.0028,24807.402,28962.6412,40202.5
2021-07-07T00:54:00+00:00,34149.7017,24738.6244,28885.3886,40202.5
2021-07-07T01:49:00+00:00,34130.2017,24736.99,28872.7513,40202.5
2021-07-07T02:15:00+00:00,34106.0254,24705.0065,28847.0127,40202.5
2021-07-07T02:39:00+00:00,34106.9604,24705.6837,28847.8035,40202.5
2021-07-07T02:50:00+00:00,34193.115,24768.0906,28920.6734,40202.5
2021-07-07T02:57:00+00:00,34206.1233,24777.5133,28931.6759,40202.5
2021-07-07T03:14:00+00:00,34285.9717,24853.6951,29006.9949,40202.5
2021-07-07T03:33:00+00:00,34525.0217,25026.9811,29209.2386,40202.5
2021-07-07T03:46:00+00:00,34398.96,24935.5997,29102.5865,40202.5
2021-07-07T03:53:00+00:00,34410.7683,24944.1595,29112.5767,40202.5
2021-07-07T04:04:00+00:00,34433.3667,24960.5409,29131.6956,40202.5
2021-07-07T04:29:00+00:00,34577.7758,25054.6414,29241.2493,40202.5
2021-07-07T04:50:00+00:00,34688.3874,25134.7893,29334.7898,40202.5
2021-07-07T04:59:00+00:00,34744.9667,25175.7859,29382.637,40202.5
2021-07-07T05:14:00+00:00,34677.7283,25125.0892,29328.8968,40202.5
2021-07-07T05:26:00+00:00,34792.7633,25208.4356,29426.1883,40202.5
2021-07-07T05:33:00+00:00,34796.7967,25211.3579,29429.5996,40202.5
2021-07-07T05:40:00+00:00,34760.0068,25184.7025,29398.4843,40202.5
2021-07-07T05:48:00+00:00,34778,25197.7391,29413.7022,40202.5
2021-07-07T05:55:00+00:00,34864.98,25260.7588,29487.266,40202.5
2021-07-07T06:10:00+00:00,34813.015,25206.6768,29426.7105,40202.5
2021-07-07T06:36:00+00:00,34776.8167,25180.4671,29396.1128,40202.5
2021-07-07T06:54:00+00:00,34709.6417,25131.8284,29339.3312,40202.5
2021-07-07T07:05:00+00:00,34796.9417,25199.7364,29422.1017,40202.5
2021-07-07T07:21:00+00:00,34789.4316,25194.2976,29415.7516,40202.5
2021-07-07T07:29:00+00:00,34787.0666,25192.5849,29413.752,40202.5
2021-07-07T07:37:00+00:00,34796.525,25199.4346,29421.7494,40202.5
2021-07-07T07:44:00+00:00,34833.85,25226.4652,29453.309,40202.5
2021-07-07T07:52:00+00:00,34872.9933,25254.8125,29486.4062,40202.5
2021-07-07T07:59:00+00:00,34687.0067,25120.1221,29329.1476,40202.5
2021-07-07T08:20:00+00:00,34790.875,25208.5635,29420.3468,40202.5
2021-07-07T08:35:00+00:00,34792.2021,25209.525,29421.469,40202.5
2021-07-07T08:44:00+00:00,34766.7132,25191.0564,29399.9147,40202.5
2021-07-07T08:51:00+00:00,34822.6272,25231.5703,29447.1975,40202.5
2021-07-07T08:59:00+00:00,34814.1683,25225.4412,29440.0444,40202.5
2021-07-07T09:20:00+00:00,34721.6717,25197.2394,29366.3746,40202.5
2021-07-07T09:36:00+00:00,34773.03,25234.5097,29409.8117,40202.5
2021-07-07T09:47:00+00:00,34742.215,25212.1475,29383.7495,40202.5
2021-07-07T09:54:00+00:00,34767.6367,25230.5958,29405.2502,40202.5
2021-07-07T10:06:00+00:00,34652.4954,25092.1145,29295.0117,40202.5
2021-07-07T10:28:00+00:00,34630.3983,25076.1138,29276.331,40202.5
2021-07-07T10:41:00+00:00,34662.105,25099.0729,29303.1356,40202.5
2021-07-07T10:48:00+00:00,34639.5187,25082.718,29284.0413,40202.5
2021-07-07T10:56:00+00:00,34663.9,25100.3726,29304.6531,40202.5
2021-07-07T11:08:00+00:00,34697.6717,25100.9549,29354.716,40202.5
2021-07-07T11:21:00+00:00,34892.3633,25241.7986,29519.4279,40202.5
2021-07-07T11:29:00+00:00,34888.1217,25238.7301,29515.8394,40202.5
2021-07-07T11:36:00+00:00,34944.2167,25279.3103,29563.2965,40202.5
2021-07-07T11:43:00+00:00,34835.6685,25200.7845,29471.4632,40202.5
2021-07-07T11:51:00+00:00,34846.765,25208.8119,29480.851,40202.5
2021-07-07T11:58:00+00:00,34801.0367,25175.7311,29442.1642,40202.5
2021-07-07T12:23:00+00:00,34907.3167,25239.4561,29525.9349,40202.5
2021-07-07T12:52:00+00:00,34785.1194,25151.1023,29422.5758,40202.5
2021-07-07T13:10:00+00:00,34760.4983,25149.8115,29418.6788,40202.5
2021-07-07T13:31:00+00:00,34759.5372,25149.1161,29417.8653,40202.5
2021-07-07T13:43:00+00:00,34738.2948,25133.7469,29399.8874,40202.5
2021-07-07T13:50:00+00:00,34756.013,25146.5662,29414.8827,40202.5
2021-07-07T13:58:00+00:00,34829.5283,25199.7559,29477.1006,40202.5
2021-07-07T14:15:00+00:00,34813.6261,25209.2778,29490.4138,40202.5
2021-07-07T14:31:00+00:00,34736.9883,25153.7827,29425.4944,40202.5
2021-07-07T14:44:00+00:00,34627.9017,25074.7908,29333.0877,40202.5
2021-07-07T14:51:00+00:00,34622.5333,25070.9035,29328.5403,40202.5
2021-07-07T14:58:00+00:00,34600.2787,25054.7884,29309.6885,40202.5
2021-07-07T15:22:00+00:00,34622.8583,25130.6555,29344.2574,40202.5
2021-07-07T15:47:00+00:00,34612.619,25123.2233,29335.5791,40202.5
2021-07-07T16:03:00+00:00,34555.75,25081.9456,29287.3804,40202.5
2021-07-07T16:45:00+00:00,34631.5383,25110.2202,29341.3631,40202.5
2021-07-07T17:16:00+00:00,34588.9317,25069.8847,29311.5254,40202.5
2021-07-07T17:43:00+00:00,34529.8622,25027.0715,29261.4685,40202.5
2021-07-07T17:53:00+00:00,34641.3081,25107.8469,29355.9105,40202.5
2021-07-07T18:04:00+00:00,34750.5728,25187.0414,29448.5041,40202.5
2021-07-07T18:30:00+00:00,34711.0654,25162.2249,29411.8659,40202.5
2021-07-07T18:50:00+00:00,34698.4572,25153.0851,29401.1825,40202.5
2021-07-07T18:57:00+00:00,34708.8066,25160.5875,29409.952,40202.5
2021-07-07T19:11:00+00:00,34694.6833,25139.7675,29388.5132,40202.5
2021-07-07T19:20:00+00:00,34629.6267,25092.6275,29333.4062,40202.5
2021-07-07T19:27:00+00:00,34600.1951,25071.3014,29308.4759,40202.5
2021-07-07T19:35:00+00:00,34619.905,25085.5832,29325.1713,40202.5
2021-07-07T19:42:00+00:00,34622.3933,25087.3862,29327.2791,40202.5
2021-07-07T19:49:00+00:00,34700.8045,25144.203,29393.6982,40202.5
2021-07-07T19:57:00+00:00,34617.5983,25083.9118,29323.2175,40202.5
2021-07-07T20:13:00+00:00,34573.6267,25054.47,29311.6244,40202.5
2021-07-07T20:28:00+00:00,34598.5814,25072.554,29332.7811,40202.5
2021-07-07T20:38:00+00:00,34549.2933,25036.8364,29290.9945,40202.5
2021-07-07T20:45:00+00:00,34504.89,25004.6586,29253.3493,40202.5
2021-07-07T20:53:00+00:00,34580.725,25059.614,29317.6424,40202.5
2021-07-07T21:00:00+00:00,34527.5058,25021.0476,29272.523,40202.5
2021-07-07T21:20:00+00:00,34525.935,25016.0424,29281.3764,40202.5
2021-07-07T21:33:00+00:00,34318.045,24865.414,29105.0653,40202.5
2021-07-07T21:43:00+00:00,34213.43,24789.6144,29016.3416,40202.5
2021-07-07T21:50:00+00:00,34241.33,24809.8296,29040.0035,40202.5
2021-07-07T21:58:00+00:00,34243.8067,24811.6241,29042.1039,40202.5
2021-07-07T22:14:00+00:00,34219.94,24795.1183,29015.532,40202.5
2021-07-07T22:30:00+00:00,34271.6133,24832.5599,29059.3465,40202.5
2021-07-07T22:40:00+00:00,34206.0725,24785.0702,29003.7736,40202.5
2021-07-07T22:48:00+00:00,34184.32,24769.3088,28985.3293,40202.5
2021-07-07T22:55:00+00:00,34155.6683,24748.5483,28961.0352,40202.5
2021-07-07T23:08:00+00:00,33918.185,24571.5543,28749.0875,40202.5
2021-07-07T23:24:00+00:00,34069.23,24680.9767,28877.1134,40202.5
2021-07-07T23:33:00+00:00,33944.8017,24590.8363,28771.6478,40202.5
2021-07-07T23:41:00+00:00,33894.4226,24554.3399,28728.9465,40202.5
2021-07-07T23:48:00+00:00,33936.775,24585.0215,28764.8444,40202.5
2021-07-07T23:55:00+00:00,33821.8583,24501.7717,28667.4409,40202.5
2021-07-08T00:30:00+00:00,33397.8633,24201.5947,28319.9854,40202.5
2021-07-08T01:40:00+00:00,33413.0325,24230.229,28337.8936,40202.5
2021-07-08T02:15:00+00:00,33424.0783,24253.514,28360.4642,40202.5
2021-07-08T02:38:00+00:00,33356.7775,24204.6785,28303.3592,40202.5
2021-07-08T02:49:00+00:00,33349.4833,24199.3856,28297.17,40202.5
2021-07-08T02:56:00+00:00,33375.1634,24218.0198,28318.9597,40202.5
2021-07-08T03:12:00+00:00,33101.771,24018.645,28073.1485,40202.5
2021-07-08T03:32:00+00:00,33308.5383,24168.6754,28248.505,40202.5
2021-07-08T03:46:00+00:00,33338.8667,24190.6817,28274.2261,40202.5
2021-07-08T03:53:00+00:00,33354.29,24201.8728,28287.3064,40202.5
2021-07-08T04:02:00+00:00,33260.8667,24134.0849,28208.0754,40202.5
2021-07-08T04:30:00+00:00,33195.83,24084.7033,28150.5618,40202.5
2021-07-08T04:50:00+00:00,33300.185,24160.4164,28239.0564,40202.5
2021-07-08T04:58:00+00:00,33334.1462,24185.0564,28267.856,40202.5
2021-07-08T05:25:00+00:00,33236.0653,24108.6441,28175.2429,40202.5
2021-07-08T05:33:00+00:00,33235.2383,24108.0442,28174.5418,40202.5
2021-07-08T05:40:00+00:00,33189.2483,24074.6842,28135.5547,40202.5
2021-07-08T05:48:00+00:00,33157.6267,24051.7466,28108.748,40202.5
2021-07-08T05:55:00+00:00,33193.5883,24077.8323,28139.2338,40202.5
2021-07-08T06:10:00+00:00,33253.1683,24107.0174,28166.5974,40202.5
2021-07-08T06:36:00+00:00,33239.4133,24097.0457,28154.9465,40202.5
2021-07-08T06:54:00+00:00,33113.6217,24005.8525,28048.3965,40202.5
2021-07-08T07:04:00+00:00,33128.18,24016.4066,28060.7279,40202.5
2021-07-08T07:20:00+00:00,33159.0118,24073.6415,28107.5016,40202.5
2021-07-08T07:29:00+00:00,33035.5848,23984.0328,28002.8777,40202.5
2021-07-08T07:37:00+00:00,32828.4067,23833.6202,27827.2615,40202.5
2021-07-08T07:44:00+00:00,32542.285,23625.8942,27584.7282,40202.5
2021-07-08T07:52:00+00:00,32473.2283,23575.7586,27526.1918,40202.5
2021-07-08T07:59:00+00:00,32437.8333,23550.0616,27496.1889,40202.5
2021-07-08T08:20:00+00:00,32429.2167,23536.0229,27435.701,40202.5
2021-07-08T08:36:00+00:00,32338.4033,23470.1136,27358.8713,40202.5
2021-07-08T08:45:00+00:00,32409.912,23522.0122,27419.3689,40202.5
2021-07-08T08:53:00+00:00,32491.995,23581.5852,27488.8126,40202.5
2021-07-08T09:01:00+00:00,32621.3767,23675.4861,27598.2718,40202.5
2021-07-08T09:24:00+00:00,32476.0467,23557.3124,27470.0589,40202.5
2021-07-08T09:38:00+00:00,32589.441,23639.5658,27565.9742,40202.5
2021-07-08T09:48:00+00:00,32600.4583,23647.5575,27575.2933,40202.5
2021-07-08T09:55:00+00:00,32561.1578,23619.0498,27542.0507,40202.5
2021-07-08T10:09:00+00:00,32534.0452,23609.6964,27493.3829,40202.5
2021-07-08T10:30:00+00:00,32643.8133,23689.3542,27586.1441,40202.5
2021-07-08T10:43:00+00:00,32645.3883,23690.4972,27587.4751,40202.5
2021-07-08T10:50:00+00:00,32618.665,23671.1042,27564.8921,40202.5
2021-07-08T10:58:00+00:00,32474.015,23566.1329,27442.6535,40202.5
2021-07-08T11:11:00+00:00,32339.8933,23477.857,27312.9803,40202.5
2021-07-08T11:24:00+00:00,32441.9617,23551.9558,27399.1831,40202.5
2021-07-08T11:31:00+00:00,32564.2067,23640.7023,27502.4264,40202.5
2021-07-08T11:39:00+00:00,32585.71,23656.3131,27520.5872,40202.5
2021-07-08T11:46:00+00:00,32603.6217,23669.3164,27535.7147,40202.5
2021-07-08T11:53:00+00:00,32575.0523,23648.5759,27511.5862,40202.5
2021-07-08T12:06:00+00:00,32575.8967,23672.7738,27527.0236,40202.5
2021-07-08T12:41:00+00:00,32855.438,23875.9154,27763.2394,40202.5
2021-07-08T13:06:00+00:00,32545.1229,23649.4342,27455.0656,40202.5
2021-07-08T13:32:00+00:00,32578.65,23673.7973,27483.3491,40202.5
2021-07-08T13:46:00+00:00,32382.7067,23531.4119,27318.0513,40202.5
2021-07-08T13:53:00+00:00,32479.82,23601.9809,27399.9762,40202.5
2021-07-08T14:02:00+00:00,32614.4033,23699.778,27513.5107,40202.5
2021-07-08T14:23:00+00:00,32558.065,23613.6808,27456.4767,40202.5
2021-07-08T14:34:00+00:00,32646.0767,23677.5138,27530.6976,40202.5
2021-07-08T14:44:00+00:00,32735.5067,23742.3755,27606.1147,40202.5
2021-07-08T14:51:00+00:00,32636.5608,23670.6122,27522.6728,40202.5
2021-07-08T14:59:00+00:00,32753.9267,23755.7352,27621.6484,40202.5
2021-07-08T15:23:00+00:00,32871.8583,23887.4864,27732.935,40202.5
2021-07-08T15:47:00+00:00,32782.1767,23822.3161,27657.2734,40202.5
2021-07-08T16:02:00+00:00,32854.4983,23874.8711,27718.2889,40202.5
2021-07-08T16:41:00+00:00,32767.535,23802.6323,27675.3618,40202.5
2021-07-08T17:12:00+00:00,32824.8988,23833.0101,27712.388,40202.5
2021-07-08T17:39:00+00:00,32944.3117,23919.7117,27813.2022,40202.5
2021-07-08T17:50:00+00:00,32961.305,23932.0499,27827.5488,40202.5
2021-07-08T17:57:00+00:00,32869.4297,23865.3425,27749.9831,40202.5
2021-07-08T18:17:00+00:00,32814.7383,23817.3637,27716.3124,40202.5
2021-07-08T18:40:00+00:00,32811.2683,23814.8451,27713.3816,40202.5
2021-07-08T18:53:00+00:00,32825.4788,23825.1592,27725.3842,40202.5
2021-07-08T19:02:00+00:00,32853.4883,23845.4889,27749.0419,40202.5
2021-07-08T19:16:00+00:00,32669.1887,23716.2955,27593.5402,40202.5
2021-07-08T19:24:00+00:00,32800.5867,23811.6843,27704.5235,40202.5
2021-07-08T19:31:00+00:00,32960.5033,23927.7763,27839.5947,40202.5
2021-07-08T19:38:00+00:00,32970.5178,23935.0463,27848.0533,40202.5
2021-07-08T19:46:00+00:00,32889.19,23876.0061,27779.361,40202.5
2021-07-08T19:53:00+00:00,32910.2933,23891.3262,27797.1856,40202.5
2021-07-08T20:02:00+00:00,32971.095,23935.4653,27848.5408,40202.5
2021-07-08T20:21:00+00:00,32908.5777,23873.0669,27775.9584,40202.5
2021-07-08T20:32:00+00:00,32898.2817,23865.5979,27767.2683,40202.5
2021-07-08T20:40:00+00:00,32878.2017,23851.0311,27750.3201,40202.5
2021-07-08T20:48:00+00:00,32850.49,23830.9281,27726.9305,40202.5
2021-07-08T20:55:00+00:00,32867.245,23843.0827,27741.0723,40202.5
2021-07-08T21:07:00+00:00,32897.435,23862.7137,27771.4225,40202.5
2021-07-08T21:25:00+00:00,32845.1083,23824.7577,27727.2492,40202.5
2021-07-08T21:36:00+00:00,32883.7083,23852.7569,27759.8347,40202.5
2021-07-08T21:44:00+00:00,32902.9683,23866.7274,27776.0936,40202.5
2021-07-08T21:52:00+00:00,32789.695,23784.5627,27680.4703,40202.5
2021-07-08T21:59:00+00:00,32698.7067,23718.5628,27603.6596,40202.5
2021-07-08T22:16:00+00:00,32614.6146,23660.37,27533.8447,40202.5
2021-07-08T22:31:00+00:00,32635.97,23675.8623,27551.8733,40202.5
2021-07-08T22:41:00+00:00,32531.0917,23599.778,27463.3331,40202.5
2021-07-08T22:48:00+00:00,32605.2187,23653.5537,27525.9125,40202.5
2021-07-08T22:56:00+00:00,32589.2233,23641.9498,27512.4089,40202.5
2021-07-08T23:09:00+00:00,32618.8589,23661.3941,27537.6888,40202.5
2021-07-08T23:25:00+00:00,32842.8478,23823.8733,27726.786,40202.5
2021-07-08T23:35:00+00:00,32760.375,23764.0484,27657.1603,40202.5
2021-07-08T23:42:00+00:00,32815.575,23804.0899,27703.7616,40202.5
2021-07-08T23:49:00+00:00,32881.4033,23851.8412,27759.3356,40202.5
2021-07-08T23:57:00+00:00,32842.4867,23823.6114,27726.4811,40202.5
2021-07-09T00:43:00+00:00,32497.5233,23566.034,27432.0694,40202.5
2021-07-09T01:45:00+00:00,32539.5433,23600.3125,27480.8808,40202.5
2021-07-09T02:16:00+00:00,32728.7817,23759.95,27643.4163,40202.5
2021-07-09T02:39:00+00:00,32884.2275,23872.7982,27774.7091,40202.5
2021-07-09T02:50:00+00:00,32905.0583,23887.9207,27792.3033,40202.5
2021-07-09T02:57:00+00:00,32960.6233,23928.2589,27839.2346,40202.5
2021-07-09T03:14:00+00:00,32970.4283,23939.7621,27853.7146,40202.5
2021-07-09T03:33:00+00:00,32988.03,23952.5426,27868.5846,40202.5
2021-07-09T03:46:00+00:00,32969.065,23938.7722,27852.5628,40202.5
2021-07-09T03:53:00+00:00,32872.4283,23868.6045,27770.9233,40202.5
2021-07-09T04:03:00+00:00,32987.3433,23952.044,27868.0045,40202.5
2021-07-09T04:30:00+00:00,33008.1267,23953.5684,27878.5978,40202.5
2021-07-09T04:51:00+00:00,32980.515,23933.531,27855.277,40202.5
2021-07-09T04:59:00+00:00,33045.745,23980.8676,27910.3701,40202.5
2021-07-09T05:14:00+00:00,33150.6988,24066.1144,28017.8103,40202.5
2021-07-09T05:26:00+00:00,33132.85,24053.1569,28002.7252,40202.5
2021-07-09T05:33:00+00:00,33148.6383,24064.6186,28016.0689,40202.5
2021-07-09T05:40:00+00:00,33071.7162,24008.7762,27951.057,40202.5
2021-07-09T05:48:00+00:00,33044.9433,23989.3401,27928.4295,40202.5
2021-07-09T05:55:00+00:00,33016.9955,23969.0511,27904.809,40202.5
2021-07-09T06:11:00+00:00,33008.7,23954.8757,27891.3282,40202.5
2021-07-09T06:37:00+00:00,32855.4867,23843.6867,27761.8677,40202.5
2021-07-09T06:54:00+00:00,32899.5783,23875.6846,27799.1238,40202.5
2021-07-09T07:05:00+00:00,32874.6533,23886.9532,27794.9934,40202.5
2021-07-09T07:21:00+00:00,32827.125,23852.4188,27754.809,40202.5
2021-07-09T07:29:00+00:00,32899.5032,23905.0093,27816.0036,40202.5
2021-07-09T07:37:00+00:00,32869.18,23882.9763,27790.3658,40202.5
2021-07-09T07:45:00+00:00,32921.055,23920.669,27834.2253,40202.5
2021-07-09T07:52:00+00:00,32872.58,23885.4467,27793.2404,40202.5
2021-07-09T07:59:00+00:00,32863.8334,23879.0914,27785.8453,40202.5
2021-07-09T08:21:00+00:00,32648,23694.1228,27573.1622,40202.5
2021-07-09T08:36:00+00:00,32813.1933,23814.011,27712.6777,40202.5
2021-07-09T08:45:00+00:00,32750.0433,23768.1802,27659.3438,40202.5
2021-07-09T08:52:00+00:00,32863.69,23850.6587,27755.3252,40202.5
2021-07-09T08:59:00+00:00,32818.6917,23818.0014,27717.3214,40202.5
2021-07-09T09:19:00+00:00,32847.124,23841.3952,27760.0571,40202.5
2021-07-09T09:35:00+00:00,32951.7677,23917.3486,27848.4945,40202.5
2021-07-09T09:46:00+00:00,32904.0867,23882.7403,27808.1979,40202.5
2021-07-09T09:53:00+00:00,32889.98,23872.5013,27796.2759,40202.5
2021-07-09T10:03:00+00:00,32968.565,23929.5406,27862.6904,40202.5
2021-07-09T10:25:00+00:00,32982.1217,23903.133,27820.5845,40202.5
2021-07-09T10:38:00+00:00,32897.5517,23841.8426,27749.2493,40202.5
2021-07-09T10:46:00+00:00,32831.6417,23794.0757,27693.6539,40202.5
2021-07-09T10:53:00+00:00,32857.6933,23812.9561,27715.6286,40202.5
2021-07-09T11:01:00+00:00,32855.3047,23811.225,27713.6138,40202.5
2021-07-09T11:17:00+00:00,32821.6142,23765.8682,27681.815,40202.5
2021-07-09T11:27:00+00:00,32729.12,23698.894,27603.8053,40202.5
2021-07-09T11:34:00+00:00,32736.9019,23704.5287,27610.3685,40202.5
2021-07-09T11:42:00+00:00,32744.875,23710.302,27617.0931,40202.5
2021-07-09T11:49:00+00:00,32799.4317,23749.8061,27663.1063,40202.5
2021-07-09T11:57:00+00:00,32753.235,23716.3554,27624.1439,40202.5
2021-07-09T12:18:00+00:00,32649.035,23628.7923,27537.4694,40202.5
2021-07-09T12:50:00+00:00,32957.8383,23852.2797,27797.9262,40202.5
2021-07-09T13:08:00+00:00,33158.155,23958.0933,27937.6024,40202.5
2021-07-09T13:27:00+00:00,33160.0383,23959.4541,27939.1893,40202.5
2021-07-09T13:37:00+00:00,33371.2417,24112.057,28117.1399,40202.5
2021-07-09T13:45:00+00:00,33405.655,24136.922,28146.1351,40202.5
2021-07-09T13:52:00+00:00,33336.095,24086.6621,28087.5269,40202.5
2021-07-09T14:00:00+00:00,33427.4033,24152.636,28164.4592,40202.5
2021-07-09T14:18:00+00:00,33437.105,24136.4405,28178.2174,40202.5
2021-07-09T14:30:00+00:00,33474.04,24163.1019,28209.3434,40202.5
2021-07-09T14:40:00+00:00,33471.7067,24161.4176,28207.3771,40202.5
2021-07-09T14:47:00+00:00,33466.755,24157.8432,28203.2042,40202.5
2021-07-09T14:54:00+00:00,33576.0315,24236.724,28295.294,40202.5
2021-07-09T15:07:00+00:00,33561.5961,24259.5299,28287.6262,40202.5
2021-07-09T15:33:00+00:00,33528.0467,24235.2791,28259.3488,40202.5
2021-07-09T15:51:00+00:00,33566.0483,24262.7481,28291.3788,40202.5
2021-07-09T15:58:00+00:00,33616.4702,24299.1949,28333.8772,40202.5
2021-07-09T16:25:00+00:00,33449.7833,24168.0037,28203.051,40202.5
2021-07-09T17:00:00+00:00,33520.6033,24219.1722,28262.7626,40202.5
2021-07-09T17:25:00+00:00,33523.4917,24189.68,28248.1344,40202.5
2021-07-09T17:41:00+00:00,33463.5767,24146.4469,28197.6479,40202.5
2021-07-09T17:48:00+00:00,33470.9535,24151.7698,28203.8638,40202.5
2021-07-09T17:56:00+00:00,33477.7867,24156.7004,28209.6217,40202.5
2021-07-09T18:12:00+00:00,33440.7496,24091.7526,28164.2006,40202.5
2021-07-09T18:39:00+00:00,33407.6417,24067.9007,28136.3167,40202.5
2021-07-09T18:55:00+00:00,33373.075,24042.9978,28107.2042,40202.5
2021-07-09T19:05:00+00:00,33329.4707,23995.7524,28063.481,40202.5
2021-07-09T19:17:00+00:00,33419.1126,24060.2906,28138.9596,40202.5
2021-07-09T19:24:00+00:00,33431.0987,24068.9201,28149.0519,40202.5
2021-07-09T19:32:00+00:00,33369.9617,24024.9041,28097.5745,40202.5
2021-07-09T19:39:00+00:00,33361.7129,24018.9653,28090.6289,40202.5
2021-07-09T19:47:00+00:00,33359.2,24017.1562,28088.5131,40202.5
2021-07-09T19:54:00+00:00,33443.6517,24077.9577,28159.6216,40202.5
2021-07-09T20:06:00+00:00,33460.7983,24087.2911,28166.0285,40202.5
2021-07-09T20:24:00+00:00,33435.1967,24068.8613,28144.478,40202.5
2021-07-09T20:33:00+00:00,33461.1483,24087.543,28166.3231,40202.5
2021-07-09T20:41:00+00:00,33486.3217,24105.6644,28187.5131,40202.5
2021-07-09T20:48:00+00:00,33483.6417,24103.7352,28185.2572,40202.5
2021-07-09T20:55:00+00:00,33508.8544,24121.885,28206.4803,40202.5
2021-07-09T21:08:00+00:00,33484.6583,24087.0885,28189.294,40202.5
2021-07-09T21:25:00+00:00,33510.1809,24105.4481,28210.7804,40202.5
2021-07-09T21:37:00+00:00,33773.6167,24294.9498,28432.5556,40202.5
2021-07-09T21:45:00+00:00,33939.5833,24414.3375,28572.2758,40202.5
2021-07-09T21:52:00+00:00,33896.0883,24383.0495,28535.6592,40202.5
2021-07-09T22:00:00+00:00,33865.635,24361.1429,28510.0219,40202.5
2021-07-09T22:18:00+00:00,33873.2257,24356.6107,28520.0366,40202.5
2021-07-09T22:33:00+00:00,33965.2417,24422.775,28597.5107,40202.5
2021-07-09T22:41:00+00:00,33994.0085,24443.4598,28621.7314,40202.5
2021-07-09T22:49:00+00:00,33958.2967,24417.7811,28591.6633,40202.5
2021-07-09T22:56:00+00:00,33945.6783,24408.7079,28581.0391,40202.5
2021-07-09T23:10:00+00:00,33974.7541,24429.6149,28603.6852,40202.5
2021-07-09T23:26:00+00:00,33926.823,24395.1499,28563.3316,40202.5
2021-07-09T23:36:00+00:00,33951.9183,24413.1948,28584.4596,40202.5
2021-07-09T23:43:00+00:00,33940.395,24404.9089,28574.758,40202.5
2021-07-09T23:51:00+00:00,33875.2417,24358.0603,28519.9047,40202.5
2021-07-09T23:58:00+00:00,33860.9417,24347.7778,28507.8654,40202.5
2021-07-10T00:48:00+00:00,34180.69,24577.6935,28777.0647,40202.5
2021-07-10T01:42:00+00:00,33888.28,24367.4355,28532.7118,40202.5
2021-07-10T02:14:00+00:00,33813.15,24313.4131,28469.455,40202.5
2021-07-10T02:38:00+00:00,33753.6233,24270.6104,28419.3357,40202.5
2021-07-10T02:49:00+00:00,33721.1533,24247.2627,28391.9971,40202.5
2021-07-10T02:56:00+00:00,33754.6067,24271.3174,28420.1636,40202.5
2021-07-10T03:12:00+00:00,33799.1083,24303.3164,28457.6324,40202.5
2021-07-10T03:32:00+00:00,33725.3217,24250.26,28395.5067,40202.5
2021-07-10T03:46:00+00:00,33828.0767,24324.1462,28482.0227,40202.5
2021-07-10T03:53:00+00:00,33796.03,24301.103,28455.0406,40202.5
2021-07-10T04:02:00+00:00,33774.3683,24285.5271,28436.8023,40202.5
2021-07-10T04:29:00+00:00,33837.6967,24331.0635,28490.1224,40202.5
2021-07-10T04:50:00+00:00,33648.0633,24194.7072,28330.458,40202.5
2021-07-10T04:58:00+00:00,33668.9406,24209.7191,28348.0359,40202.5
2021-07-10T05:13:00+00:00,33580.1217,24145.8536,28273.2536,40202.5
2021-07-10T05:25:00+00:00,33600.3867,24160.4252,28290.316,40202.5
2021-07-10T05:32:00+00:00,33643.4667,24191.402,28326.5878,40202.5
2021-07-10T05:39:00+00:00,33675.2826,24214.2793,28353.3756,40202.5
2021-07-10T05:47:00+00:00,33692.1483,24226.4066,28367.576,40202.5
2021-07-10T05:55:00+00:00,33674.41,24213.6519,28352.6409,40202.5
2021-07-10T06:08:00+00:00,33668.21,24209.1937,28347.4208,40202.5
2021-07-10T06:33:00+00:00,33657.285,24201.3381,28338.2223,40202.5
2021-07-10T06:52:00+00:00,33632.0183,24183.17,28316.9487,40202.5
2021-07-10T06:59:00+00:00,33821.3387,24319.3012,28476.3496,40202.5
2021-07-10T07:16:00+00:00,33691.5158,24225.9518,28367.0434,40202.5
2021-07-10T07:27:00+00:00,33722.3247,24248.105,28392.9834,40202.5
2021-07-10T07:35:00+00:00,33727.8917,24252.108,28397.6706,40202.5
2021-07-10T07:42:00+00:00,33739.8917,24260.7366,28407.7741,40202.5
2021-07-10T07:49:00+00:00,33781.2398,24290.468,28442.5878,40202.5
2021-07-10T07:57:00+00:00,33755.92,24272.2618,28421.2694,40202.5
2021-07-10T08:14:00+00:00,33756.5333,24272.7028,28421.7858,40202.5
2021-07-10T08:31:00+00:00,33814.7755,24314.582,28470.8236,40202.5
2021-07-10T08:42:00+00:00,33782.5067,24291.379,28443.6545,40202.5
2021-07-10T08:50:00+00:00,33840.36,24332.9785,28492.3649,40202.5
2021-07-10T08:58:00+00:00,33779.225,24289.0193,28440.8914,40202.5
2021-07-10T09:15:00+00:00,33803.1783,24314.4572,28461.0592,40202.5
2021-07-10T09:32:00+00:00,33844.8317,24344.4182,28496.1298,40202.5
2021-07-10T09:44:00+00:00,33838.705,24340.0113,28490.9714,40202.5
2021-07-10T09:51:00+00:00,33770.0984,24290.6629,28433.2071,40202.5
2021-07-10T09:59:00+00:00,33732.7167,24263.7744,28401.7331,40202.5
2021-07-10T10:18:00+00:00,33775.6633,24294.6658,28437.8926,40202.5
2021-07-10T10:34:00+00:00,33612.25,24177.1234,28300.3045,40202.5
2021-07-10T10:43:00+00:00,33663.2983,24213.8422,28343.2853,40202.5
2021-07-10T10:51:00+00:00,33620.8617,24183.3177,28307.5552,40202.5
2021-07-10T10:58:00+00:00,33638.9133,24196.3022,28322.754,40202.5
2021-07-10T11:12:00+00:00,33616.99,24180.5328,28304.2954,40202.5
2021-07-10T11:24:00+00:00,33644.485,24200.3098,28327.4452,40202.5
2021-07-10T11:31:00+00:00,33777.4933,24295.9821,28439.4334,40202.5
2021-07-10T11:38:00+00:00,33840.4605,24341.2741,28492.4495,40202.5
2021-07-10T11:46:00+00:00,33861.9867,24356.7577,28510.5737,40202.5
2021-07-10T11:53:00+00:00,33821.281,24327.4783,28476.3011,40202.5
2021-07-10T12:04:00+00:00,33772.6698,24292.5125,28435.3721,40202.5
2021-07-10T12:36:00+00:00,33842.9883,24343.0923,28494.5778,40202.5
2021-07-10T13:00:00+00:00,33846.4804,24345.6041,28497.518,40202.5
2021-07-10T13:22:00+00:00,33875.3467,24366.3675,28521.8224,40202.5
2021-07-10T13:31:00+00:00,33803.2766,24314.5278,28461.1419,40202.5
2021-07-10T13:39:00+00:00,33685.3883,24229.7314,28361.8843,40202.5
2021-07-10T13:46:00+00:00,33726.0817,24259.0019,28396.1466,40202.5
2021-07-10T13:54:00+00:00,33676.3733,24223.247,28354.294,40202.5
2021-07-10T14:03:00+00:00,33740.1433,24269.1164,28407.986,40202.5
2021-07-10T14:18:00+00:00,33706.5682,24244.966,28379.717,40202.5
2021-07-10T14:27:00+00:00,33698.1691,24238.9245,28372.6452,40202.5
2021-07-10T14:35:00+00:00,33755.575,24280.2163,28420.9789,40202.5
2021-07-10T14:42:00+00:00,33779.1656,24297.1849,28440.8414,40202.5
2021-07-10T14:50:00+00:00,33747.3783,24274.3205,28414.0777,40202.5
2021-07-10T14:57:00+00:00,33827.1088,24331.6703,28481.2079,40202.5
2021-07-10T15:15:00+00:00,33836.3873,24338.3442,28489.02,40202.5
2021-07-10T15:36:00+00:00,33869.045,24361.8347,28516.5166,40202.5
2021-07-10T15:50:00+00:00,33838.8117,24340.088,28491.0612,40202.5
2021-07-10T15:57:00+00:00,33897.7234,24382.463,28540.6628,40202.5
2021-07-10T16:19:00+00:00,33871.4083,24363.5347,28518.5064,40202.5
2021-07-10T16:54:00+00:00,34071.8333,24507.6994,28687.2571,40202.5
2021-07-10T17:10:00+00:00,33877.1911,24367.6942,28523.3753,40202.5
2021-07-10T17:32:00+00:00,33409,24030.9267,28129.1753,40202.5
2021-07-10T17:43:00+00:00,33426.2793,24043.3556,28143.7238,40202.5
2021-07-10T17:50:00+00:00,33439.771,24053.0601,28155.0834,40202.5
2021-07-10T17:58:00+00:00,33426.83,24043.7517,28144.1875,40202.5
2021-07-10T18:17:00+00:00,33425.7968,24043.0085,28143.3176,40202.5
2021-07-10T18:39:00+00:00,33448.3783,24059.2513,28162.3304,40202.5
2021-07-10T18:51:00+00:00,33445.9638,24057.5145,28160.2974,40202.5
2021-07-10T18:59:00+00:00,33442.7267,24055.1861,28157.5719,40202.5
2021-07-10T19:12:00+00:00,33524.399,24113.9326,28226.3371,40202.5
2021-07-10T19:20:00+00:00,33480.8127,24082.5811,28189.6389,40202.5
2021-07-10T19:28:00+00:00,33495.7017,24093.2907,28202.175,40202.5
2021-07-10T19:35:00+00:00,33344.465,23984.507,28074.8391,40202.5
2021-07-10T19:42:00+00:00,33435.4385,24049.9437,28151.4355,40202.5
2021-07-10T19:50:00+00:00,33391.3683,24018.2443,28114.33,40202.5
2021-07-10T19:57:00+00:00,33446.2268,24057.7037,28160.5189,40202.5
2021-07-10T20:12:00+00:00,33086.2065,23798.7429,27857.3948,40202.5
2021-07-10T20:27:00+00:00,33314.5434,23962.9845,28049.6462,40202.5
2021-07-10T20:36:00+00:00,33327.5167,23972.3161,28060.5692,40202.5
2021-07-10T20:43:00+00:00,33287.865,23943.7949,28027.184,40202.5
2021-07-10T20:51:00+00:00,33330.9967,23974.8192,28063.4993,40202.5
2021-07-10T20:58:00+00:00,33302.5583,23954.3637,28039.5552,40202.5
2021-07-10T21:13:00+00:00,33319.6326,23966.6452,28053.9312,40202.5
2021-07-10T21:29:00+00:00,33385.9083,24014.3169,28109.7329,40202.5
2021-07-10T21:40:00+00:00,33357.1017,23993.5964,28085.4787,40202.5
2021-07-10T21:47:00+00:00,33422.8809,24040.9111,28140.8625,40202.5
2021-07-10T21:55:00+00:00,33418.755,24037.9434,28137.3886,40202.5
2021-07-10T22:06:00+00:00,33445.1267,24056.9124,28159.5926,40202.5
2021-07-10T22:23:00+00:00,33515.7283,24107.6958,28219.0366,40202.5
2021-07-10T22:34:00+00:00,33512.4933,24105.3689,28216.3129,40202.5
2021-07-10T22:42:00+00:00,33549.675,24132.1135,28247.6186,40202.5
2021-07-10T22:49:00+00:00,33544.6583,24128.505,28243.3947,40202.5
2021-07-10T22:56:00+00:00,33587.684,24159.4531,28279.6207,40202.5
2021-07-10T23:10:00+00:00,33646.6238,24201.8482,28329.2459,40202.5
2021-07-10T23:26:00+00:00,33615.3117,24179.3256,28302.8823,40202.5
2021-07-10T23:35:00+00:00,33624.6167,24186.0186,28310.7167,40202.5
2021-07-10T23:43:00+00:00,33646.54,24201.788,28329.1754,40202.5
2021-07-10T23:50:00+00:00,33630.195,24190.0311,28315.4135,40202.5
2021-07-10T23:58:00+00:00,33506.9083,24101.3516,28211.6106,40202.5
2021-07-11T00:52:00+00:00,33719.3167,24254.1359,28390.4507,40202.5
2021-07-11T01:51:00+00:00,33612.5683,24177.3523,28300.5725,40202.5
2021-07-11T02:16:00+00:00,33602.9434,24170.4292,28292.4687,40202.5
2021-07-11T02:40:00+00:00,33614.9017,24179.0307,28302.5371,40202.5
2021-07-11T02:50:00+00:00,33642.12,24198.6087,28325.4539,40202.5
2021-07-11T02:57:00+00:00,33567.2067,24144.7239,28262.3796,40202.5
2021-07-11T03:14:00+00:00,33527.2627,24115.9924,28228.7482,40202.5
2021-07-11T03:33:00+00:00,33507.3567,24101.6741,28211.988,40202.5
2021-07-11T03:46:00+00:00,33453.845,24063.1834,28166.9332,40202.5
2021-07-11T03:53:00+00:00,33478.7141,24081.0716,28187.872,40202.5
2021-07-11T04:04:00+00:00,33426.6567,24043.627,28144.0416,40202.5
2021-07-11T04:30:00+00:00,33358.2806,23994.4445,28084.67,40202.5
2021-07-11T04:50:00+00:00,33509.719,24103.3733,28212.1675,40202.5
2021-07-11T04:58:00+00:00,33480.705,24082.5037,28187.7403,40202.5
2021-07-11T05:13:00+00:00,33519.9217,24110.7121,28222.5673,40202.5
2021-07-11T05:25:00+00:00,33517.345,24108.8587,28220.3979,40202.5
2021-07-11T05:32:00+00:00,33556.8867,24137.3008,28253.6905,40202.5
2021-07-11T05:39:00+00:00,33620.4339,24183.01,28307.195,40202.5
2021-07-11T05:47:00+00:00,33603.915,24171.128,28293.2867,40202.5
2021-07-11T05:54:00+00:00,33589.74,24160.932,28281.3518,40202.5
2021-07-11T06:06:00+00:00,33639.0571,24196.4056,28322.8751,40202.5
2021-07-11T06:32:00+00:00,33530.8691,24118.5865,28231.7846,40202.5
2021-07-11T06:52:00+00:00,33456.855,24065.3485,28169.4675,40202.5
2021-07-11T06:59:00+00:00,33478.8447,24081.1656,28187.982,40202.5
2021-07-11T07:16:00+00:00,33393.978,24020.1214,28116.5273,40202.5
2021-07-11T07:27:00+00:00,33457.1976,24065.5949,28169.7559,40202.5
2021-07-11T07:35:00+00:00,33474.0917,24077.7468,28183.9801,40202.5
2021-07-11T07:42:00+00:00,33500.4469,24096.7039,28206.1702,40202.5
2021-07-11T07:50:00+00:00,33515.0017,24107.1731,28218.4249,40202.5
2021-07-11T07:57:00+00:00,33501.459,24097.4319,28207.0224,40202.5
2021-07-11T08:14:00+00:00,33486.335,24068.2363,28194.2886,40202.5
2021-07-11T08:31:00+00:00,33675.8028,24204.4159,28353.8136,40202.5
2021-07-11T08:42:00+00:00,33681.4567,24208.4796,28358.574,40202.5
2021-07-11T08:49:00+00:00,33717.7119,24234.538,28389.0996,40202.5
2021-07-11T08:57:00+00:00,33675.8183,24204.4271,28353.8267,40202.5
2021-07-11T09:13:00+00:00,33646.6483,24183.4612,28329.2666,40202.5
2021-07-11T09:31:00+00:00,33768.6117,24271.1221,28431.9554,40202.5
2021-07-11T09:44:00+00:00,33775.0233,24275.7305,28437.3537,40202.5
2021-07-11T09:51:00+00:00,33715.4417,24232.9063,28387.1881,40202.5
2021-07-11T09:58:00+00:00,33726.9069,24241.1469,28396.8415,40202.5
2021-07-11T10:17:00+00:00,33817.91,24306.5552,28473.4628,40202.5
2021-07-11T10:33:00+00:00,33705.0747,24225.455,28378.4595,40202.5
2021-07-11T10:43:00+00:00,33688.6717,24213.6654,28364.6488,40202.5
2021-07-11T10:50:00+00:00,33718.6522,24235.2138,28389.8913,40202.5
2021-07-11T10:58:00+00:00,33772.3867,24273.8354,28435.1338,40202.5
2021-07-11T11:12:00+00:00,33717.435,24234.339,28388.8664,40202.5
2021-07-11T11:24:00+00:00,33789.3533,24286.0301,28449.4191,40202.5
2021-07-11T11:31:00+00:00,33806.9183,24298.6549,28464.2082,40202.5
2021-07-11T11:38:00+00:00,33776.7738,24276.9886,28438.8276,40202.5
2021-07-11T11:46:00+00:00,33746.3317,24255.1084,28413.1964,40202.5
2021-07-11T11:53:00+00:00,33763.6,24267.52,28427.7357,40202.5
2021-07-11T12:05:00+00:00,33768.7617,24289.7014,28432.0816,40202.5
2021-07-11T12:36:00+00:00,33729.5809,24261.5189,28399.0929,40202.5
2021-07-11T13:00:00+00:00,33748.7583,24275.3131,28415.2396,40202.5
2021-07-11T13:22:00+00:00,33702.4417,24241.9978,28376.2426,40202.5
2021-07-11T13:31:00+00:00,33775.3004,24294.4047,28437.587,40202.5
2021-07-11T13:39:00+00:00,33840.3317,24341.1814,28492.341,40202.5
2021-07-11T13:46:00+00:00,33777.6181,24296.0718,28439.5384,40202.5
2021-07-11T13:54:00+00:00,33867.4883,24360.715,28515.2059,40202.5
2021-07-11T14:03:00+00:00,33929.2491,24405.1392,28567.2063,40202.5
2021-07-11T14:19:00+00:00,33823.6467,24329.1799,28478.2928,40202.5
2021-07-11T14:28:00+00:00,33843.8667,24343.7241,28495.3174,40202.5
2021-07-11T14:35:00+00:00,33834.8956,24337.2712,28487.764,40202.5
2021-07-11T14:43:00+00:00,33875.9417,24366.7955,28522.3233,40202.5
2021-07-11T14:51:00+00:00,33894.555,24380.1839,28537.9951,40202.5
2021-07-11T14:58:00+00:00,33931.3116,24406.6227,28568.9428,40202.5
2021-07-11T15:18:00+00:00,33979.42,24441.2269,28609.4484,40202.5
2021-07-11T15:38:00+00:00,33893.655,24379.5366,28537.2373,40202.5
2021-07-11T15:50:00+00:00,33911.2417,24392.1866,28552.0447,40202.5
2021-07-11T15:58:00+00:00,33941.7117,24414.1035,28577.6993,40202.5
2021-07-11T16:21:00+00:00,33845.3012,24344.7559,28496.5252,40202.5
2021-07-11T16:55:00+00:00,34010.1083,24463.3009,28635.2869,40202.5
2021-07-11T17:12:00+00:00,33979.6007,24441.3569,28609.6005,40202.5
2021-07-11T17:33:00+00:00,33957.605,24425.5355,28591.0809,40202.5
2021-07-11T17:44:00+00:00,33922.2667,24400.1168,28561.3273,40202.5
2021-07-11T17:51:00+00:00,33919.8017,24398.3437,28559.2519,40202.5
2021-07-11T17:58:00+00:00,33920.757,24399.0309,28560.0562,40202.5
2021-07-11T18:20:00+00:00,33901.4733,24385.1603,28543.8201,40202.5
2021-07-11T18:40:00+00:00,33953.675,24422.7087,28587.772,40202.5
2021-07-11T18:52:00+00:00,33953.575,24422.6367,28587.6878,40202.5
2021-07-11T18:59:00+00:00,33955.0347,24423.6867,28588.9168,40202.5
2021-07-11T19:13:00+00:00,33964.6623,24430.6118,28597.0229,40202.5
2021-07-11T19:21:00+00:00,33932.9433,24407.7965,28570.3167,40202.5
2021-07-11T19:28:00+00:00,33929.2639,24405.1499,28567.2188,40202.5
2021-07-11T19:36:00+00:00,33951.9583,24421.4739,28586.3266,40202.5
2021-07-11T19:44:00+00:00,33914.505,24394.5339,28554.7923,40202.5
2021-07-11T19:51:00+00:00,33865.063,24358.9705,28513.1639,40202.5
2021-07-11T19:59:00+00:00,33887.2383,24374.9211,28531.8347,40202.5
2021-07-11T20:17:00+00:00,33980.8967,24454.7261,28618.983,40202.5
2021-07-11T20:29:00+00:00,33930.5717,24418.5091,28576.5989,40202.5
2021-07-11T20:37:00+00:00,33927.0155,24415.9499,28573.6039,40202.5
2021-07-11T20:45:00+00:00,33899.805,24396.3676,28550.687,40202.5
2021-07-11T20:52:00+00:00,33877.4496,24380.2792,28531.859,40202.5
2021-07-11T21:00:00+00:00,33855.8617,24364.7433,28513.6775,40202.5
2021-07-11T21:18:00+00:00,33975.2,24443.7634,28608.987,40202.5
2021-07-11T21:32:00+00:00,34397.315,24747.4579,28964.4311,40202.5
2021-07-11T21:42:00+00:00,34476.52,24804.4426,29031.126,40202.5
2021-07-11T21:49:00+00:00,34514.78,24831.9691,29063.3431,40202.5
2021-07-11T21:56:00+00:00,34469.4013,24799.321,29025.1317,40202.5
2021-07-11T22:10:00+00:00,34496.6606,24828.109,29047.3611,40202.5
2021-07-11T22:27:00+00:00,34390.63,24751.7962,28958.0797,40202.5
2021-07-11T22:37:00+00:00,34358.6628,24728.7886,28931.1623,40202.5
2021-07-11T22:45:00+00:00,34396.6383,24756.1205,28963.139,40202.5
2021-07-11T22:52:00+00:00,34372.0758,24738.4422,28942.4564,40202.5
2021-07-11T23:00:00+00:00,34401.5083,24759.6256,28967.2397,40202.5
2021-07-11T23:19:00+00:00,34240.4067,24635.1851,28832.7508,40202.5
2021-07-11T23:30:00+00:00,34267.7477,24654.8563,28855.7738,40202.5
2021-07-11T23:40:00+00:00,34226.7083,24625.3294,28821.2158,40202.5
2021-07-11T23:47:00+00:00,34257.585,24647.5445,28847.2161,40202.5
2021-07-11T23:54:00+00:00,34258.2422,24648.0173,28847.7695,40202.5
2021-07-12T00:24:00+00:00,34145.29,24568.4922,28760.9534,40202.5
2021-07-12T01:32:00+00:00,34152.7704,24570.3227,28758.6135,40202.5
2021-07-12T02:09:00+00:00,34117.0202,24532.5599,28723.1193,40202.5
2021-07-12T02:34:00+00:00,34210.2283,24599.5831,28801.5912,40202.5
2021-07-12T02:47:00+00:00,34192.535,24586.8603,28786.6952,40202.5
2021-07-12T02:54:00+00:00,34258.4039,24634.2248,28842.1503,40202.5
2021-07-12T03:07:00+00:00,34321.2833,24697.3552,28905.4878,40202.5
2021-07-12T03:29:00+00:00,34495.155,24822.4721,29051.923,40202.5
2021-07-12T03:44:00+00:00,34464.81,24800.636,29026.3664,40202.5
2021-07-12T03:51:00+00:00,34517.9717,24838.8908,29071.1393,40202.5
2021-07-12T03:59:00+00:00,34472.885,24806.4467,29033.1672,40202.5
2021-07-12T04:22:00+00:00,34576.5583,24900.5851,29131.9606,40202.5
2021-07-12T04:44:00+00:00,34349.9267,24737.3745,28941.0155,40202.5
2021-07-12T04:56:00+00:00,34330.3156,24723.2514,28924.4925,40202.5
2021-07-12T05:10:00+00:00,34278.9917,24684.2333,28880.0505,40202.5
2021-07-12T05:23:00+00:00,34250.9185,24664.0179,28856.3989,40202.5
2021-07-12T05:31:00+00:00,34242.0567,24657.6365,28848.9327,40202.5
2021-07-12T05:38:00+00:00,34245.1567,24659.8688,28851.5445,40202.5
2021-07-12T05:46:00+00:00,34196.0667,24624.5192,28810.1862,40202.5
2021-07-12T05:53:00+00:00,34219.0883,24641.0971,28829.5819,40202.5
2021-07-12T06:02:00+00:00,34292.8769,24694.232,28891.7488,40202.5
2021-07-12T06:30:00+00:00,34309.0983,24711.5055,28915.7081,40202.5
2021-07-12T06:52:00+00:00,34412.4206,24785.9245,29002.7881,40202.5
2021-07-12T07:00:00+00:00,34384.565,24765.8612,28979.3114,40202.5
2021-07-12T07:18:00+00:00,34487.88,24829.4457,29073.5243,40202.5
2021-07-12T07:28:00+00:00,34427.8766,24786.2465,29022.9409,40202.5
2021-07-12T07:36:00+00:00,34408.6883,24772.4319,29006.7651,40202.5
2021-07-12T07:43:00+00:00,34355.625,24734.2292,28962.0324,40202.5
2021-07-12T07:51:00+00:00,34267.9033,24671.0742,28888.0824,40202.5
2021-07-12T07:59:00+00:00,34291.7883,24688.2701,28908.2176,40202.5
2021-07-12T08:19:00+00:00,34457.3183,24823.6034,29022.2966,40202.5
2021-07-12T08:35:00+00:00,34325.5917,24728.7054,28911.3474,40202.5
2021-07-12T08:44:00+00:00,34332.3083,24733.5442,28917.0047,40202.5
2021-07-12T08:51:00+00:00,34288.575,24702.038,28880.1695,40202.5
2021-07-12T08:59:00+00:00,34274.1,24691.61,28867.9777,40202.5
2021-07-12T09:18:00+00:00,34185.3758,24663.5863,28793.7608,40202.5
2021-07-12T09:34:00+00:00,34175.3133,24656.3266,28785.2854,40202.5
2021-07-12T09:45:00+00:00,34185.8833,24663.9525,28794.1884,40202.5
2021-07-12T09:52:00+00:00,34205.6703,24678.2281,28810.8546,40202.5
2021-07-12T10:00:00+00:00,34050.8867,24566.557,28680.483,40202.5
2021-07-12T10:22:00+00:00,33871.1667,24439.5032,28575.9178,40202.5
2021-07-12T10:36:00+00:00,33855.4398,24428.1556,28562.6496,40202.5
2021-07-12T10:45:00+00:00,33788.0289,24379.5157,28505.7774,40202.5
2021-07-12T10:53:00+00:00,33732.9917,24339.804,28459.3444,40202.5
2021-07-12T11:00:00+00:00,33745.3084,24348.691,28469.7356,40202.5
2021-07-12T11:17:00+00:00,33692.8917,24324.1788,28444.1119,40202.5
2021-07-12T11:26:00+00:00,33696.3556,24326.6796,28447.0363,40202.5
2021-07-12T11:34:00+00:00,33729.0583,24350.2889,28474.6444,40202.5
2021-07-12T11:41:00+00:00,33665.2333,24304.2112,28420.7623,40202.5
2021-07-12T11:49:00+00:00,33638.1133,24284.6323,28397.8671,40202.5
2021-07-12T11:58:00+00:00,33598.81,24256.2577,28364.6866,40202.5
2021-07-12T12:16:00+00:00,33601.4767,24271.2874,28384.209,40202.5
2021-07-12T12:50:00+00:00,33554.3983,24237.2814,28344.4405,40202.5
2021-07-12T13:10:00+00:00,33531.4483,24216.0096,28288.8399,40202.5
2021-07-12T13:31:00+00:00,33367.6983,24097.7513,28150.6921,40202.5
2021-07-12T13:42:00+00:00,33430.7533,24143.2889,28203.8885,40202.5
2021-07-12T13:49:00+00:00,33494.4417,24189.2838,28257.6192,40202.5
2021-07-12T13:56:00+00:00,33547.83,24227.8403,28302.6603,40202.5
2021-07-12T14:09:00+00:00,33522.6582,24152.74,28252.5611,40202.5
2021-07-12T14:23:00+00:00,33451.8733,24101.7402,28192.9043,40202.5
2021-07-12T14:31:00+00:00,33434.5567,24089.2637,28178.31,40202.5
2021-07-12T14:38:00+00:00,33497.8929,24134.8969,28231.6892,40202.5
2021-07-12T14:46:00+00:00,33490.775,24129.7685,28225.6903,40202.5
2021-07-12T14:53:00+00:00,33432.4318,24087.7328,28176.5192,40202.5
2021-07-12T15:03:00+00:00,33355.3817,24032.2189,28111.5821,40202.5
2021-07-12T15:27:00+00:00,33398.4783,24038.4546,28142.9272,40202.5
2021-07-12T15:44:00+00:00,33369.5753,24017.6517,28118.5723,40202.5
2021-07-12T15:54:00+00:00,33415.3874,24050.6248,28157.1754,40202.5
2021-07-12T16:09:00+00:00,33347.1183,24015.3941,28122.3585,40202.5
2021-07-12T16:48:00+00:00,33126.275,23856.3507,27936.1165,40202.5
2021-07-12T17:11:00+00:00,33185.5633,23906.4816,27986.6798,40202.5
2021-07-12T17:35:00+00:00,33054.1605,23811.8205,27875.8626,40202.5
2021-07-12T17:47:00+00:00,33119.3617,23858.7907,27930.8493,40202.5
2021-07-12T17:54:00+00:00,33128.0113,23865.0218,27938.1439,40202.5
2021-07-12T18:07:00+00:00,33150.9528,23883.6702,27952.585,40202.5
2021-07-12T18:33:00+00:00,33144.8621,23879.2822,27947.4494,40202.5
2021-07-12T18:52:00+00:00,33072.1833,23826.9206,27886.1673,40202.5
2021-07-12T18:59:00+00:00,32992.62,23769.5991,27819.0803,40202.5
2021-07-12T19:13:00+00:00,33251.7865,23968.5527,28041.3313,40202.5
2021-07-12T19:21:00+00:00,33105.845,23863.3552,27918.2584,40202.5
2021-07-12T19:28:00+00:00,33032.0793,23810.1834,27856.0516,40202.5
2021-07-12T19:36:00+00:00,32861.87,23687.4931,27712.5136,40202.5
2021-07-12T19:43:00+00:00,32909.1283,23721.5579,27752.3667,40202.5
2021-07-12T19:50:00+00:00,32829.718,23664.3174,27685.3997,40202.5
2021-07-12T19:58:00+00:00,32820.405,23657.6043,27677.546,40202.5
2021-07-12T20:13:00+00:00,32784.1515,23613.5064,27642.613,40202.5
2021-07-12T20:27:00+00:00,32781.93,23611.9063,27640.7399,40202.5
2021-07-12T20:35:00+00:00,32868.5,23674.2602,27713.7331,40202.5
2021-07-12T20:42:00+00:00,32886.885,23687.5024,27729.2348,40202.5
2021-07-12T20:50:00+00:00,32931.9567,23719.9663,27767.2379,40202.5
2021-07-12T20:57:00+00:00,32798.555,23623.8808,27654.7576,40202.5
2021-07-12T21:10:00+00:00,32894.575,23693.765,27733.5807,40202.5
2021-07-12T21:22:00+00:00,32922.1773,23713.6468,27756.8523,40202.5
2021-07-12T21:30:00+00:00,32862.3333,23670.5415,27706.3975,40202.5
2021-07-12T21:37:00+00:00,32834.3933,23650.4165,27682.8412,40202.5
2021-07-12T21:44:00+00:00,32865.3522,23672.716,27708.9428,40202.5
2021-07-12T21:52:00+00:00,32909.8917,23704.7975,27746.4942,40202.5
2021-07-12T21:59:00+00:00,32867.229,23674.0678,27710.5251,40202.5
2021-07-12T22:15:00+00:00,33007.3083,23767.1434,27825.326,40202.5
2021-07-12T22:27:00+00:00,33025.221,23780.0415,27840.4264,40202.5
2021-07-12T22:36:00+00:00,33012.405,23770.8133,27829.6225,40202.5
2021-07-12T22:43:00+00:00,33043.4517,23793.1687,27855.795,40202.5
2021-07-12T22:50:00+00:00,33075.7973,23816.4594,27883.0625,40202.5
2021-07-12T22:58:00+00:00,33051.7117,23799.1163,27862.7582,40202.5
2021-07-12T23:14:00+00:00,33002.7567,23768.2223,27819.5747,40202.5
2021-07-12T23:29:00+00:00,33081.7617,23825.1209,27886.1718,40202.5
